{
  "folds": 5,
  "RMSE_mean": 0.006502135982736945,
  "RMSE_std": 0.002727209131041645,
  "MAE_mean": 0.0064965912606567144,
  "MAE_std": 0.002730712202634483,
  "R2_mean": -23963836.907492243,
  "R2_std": 42022249.283927776,
  "val_rmse_per_fold": [
    0.009161477908492088,
    0.004718491341918707,
    0.004751722794026136,
    0.0035125163849443197,
    0.010366471484303474
  ],
  "val_mae_per_fold": [
    0.009161212481558323,
    0.0047091469168663025,
    0.004733609035611153,
    0.0035125163849443197,
    0.010366471484303474
  ],
  "val_r2_per_fold": [
    -17300.099570584578,
    -251.72533404606597,
    -130.4152000082302,
    -12337770.295278799,
    -107463732.00207779
  ],
  "args": {
    "csv": "/home/mom_nikiforov/molmamba_radstab/radio_stab_molmamba.csv",
    "ssl_ckpt": "ssl_pretrained.pt",
    "out_dir": "runs",
    "folds": 5,
    "epochs": 300,
    "batch_size": 16,
    "lr": 0.0002,
    "weight_decay": 0.0001,
    "scheduler": "cosine",
    "patience": 50,
    "d_model": 256,
    "gnn_layers": 3,
    "dropout": 0.1,
    "grad_clip": 1.0,
    "num_workers": 0,
    "seed": 42
  }
}