{
  "fold": 1,
  "best_epoch": 124,
  "train": {
    "RMSE": 0.008973759599030018,
    "MAE": 0.008967951871454716,
    "R2": -771.8544812480391
  },
  "val": {
    "RMSE": 0.009161406196653843,
    "MAE": 0.009161140769720078,
    "R2": -17299.829959814375
  }
}