{
  "fold": 6,
  "best_epoch": 29,
  "train": {
    "RMSE": 0.001910562627017498,
    "MAE": 0.00190507632214576,
    "R2": -173.3666436880584
  },
  "val": {
    "RMSE": 0.0026854234747588634,
    "MAE": 0.0026854234747588634,
    "R2": -7211498.450932024
  }
}