{
  "fold": 5,
  "best_epoch": 56,
  "train": {
    "RMSE": 0.0025842611212283373,
    "MAE": 0.0025775430258363485,
    "R2": -191.58991981480992
  },
  "val": {
    "RMSE": 0.0026431833393871784,
    "MAE": 0.0026431833393871784,
    "R2": -6986417.156884611
  }
}