{
  "fold": 4,
  "best_epoch": 26,
  "train": {
    "RMSE": 0.004423496779054403,
    "MAE": 0.0044195749796926975,
    "R2": -563.2152644243653
  },
  "val": {
    "RMSE": 0.0044838921166956425,
    "MAE": 0.0044838921166956425,
    "R2": -20105287.058402948
  }
}