{
  "fold": 2,
  "best_epoch": 57,
  "train": {
    "RMSE": 0.0045332713052630424,
    "MAE": 0.0045309425331652164,
    "R2": -972.5703871514357
  },
  "val": {
    "RMSE": 0.0047185118310153484,
    "MAE": 0.004709167405962944,
    "R2": -251.72750894179617
  }
}