{
  "fold": 3,
  "best_epoch": 23,
  "train": {
    "RMSE": 0.0013279457343742251,
    "MAE": 0.0013148271245881915,
    "R2": -49.863832332104955
  },
  "val": {
    "RMSE": 0.001246911589987576,
    "MAE": 0.001246911589987576,
    "R2": -1554787.468638435
  }
}